timestamp,defcon,score
2026-09-27 20:05:35,4,10
2026-09-27 22:00:21,2,55
2026-09-28 00:33:35,2,55
2026-09-28 01:16:29,2,72
2026-09-28 01:36:56,5,10
2026-09-28 01:44:12,5,10
2026-09-28 05:54:35,5,10
2026-09-28 13:07:37,4,40
2026-09-28 20:07:59,5,30
2026-09-29 00:22:46,5,0
2026-09-29 06:00:19,5,0
2026-09-29 12:40:56,5,0
2026-09-29 18:17:18,5,30
2026-09-29 22:31:15,1,150
2026-09-29 23:52:30,5,0
2026-09-30 00:07:59,5,0
2026-09-30 00:15:12,5,0
2026-09-30 01:37:25,5,0
2026-09-30 07:29:25,5,0
2026-09-30 14:10:44,2,105
2026-09-30 19:21:20,5,30
2026-09-30 23:08:42,5,0
2026-10-01 00:32:15,5,0
2026-10-01 00:36:11,5,0
2026-10-01 00:44:56,5,0
2026-10-01 00:58:18,5,0
2026-10-01 01:10:53,5,0
